{
    "1": {
        "start": {
            "x": 198.461,
            "y": -102.607,
            "z": 225.625,
            "r": 239.083905
        },
        "end": {
            "x": 200.27,
            "y": 66.195,
            "z": 226.635,
            "r": 239.047049
        }
    },
    "2": {
        "start": {
            "x": 208.461,
            "y": -102.607,
            "z": 225.625,
            "r": 239.083905
        },
        "end": {
            "x": 209.461096,
            "y": 65.193,
            "z": 225.625,
            "r": 239.083905
        }
    },
    "3": {
        "start": {
            "x": 221.461,
            "y": -102.607,
            "z": 225.625,
            "r": 239.083905
        },
        "end": {
            "x": 222.461,
            "y": 66.193,
            "z": 225.625,
            "r": 239.083905
        }
    }
}